{
  "criteria": {
    "requirement": {
      "trigger": "minecraft:tick",
      "conditions": {
        "player": [
          {
            "condition": "minecraft:entity_scores",
            "entity": "this",
            "scores": {
              "limited_hearts.recognised": 1
            }
          },
          {
            "condition": "minecraft:entity_scores",
            "entity": "this",
            "scores": {
              "limited_hearts.deathSeconds": 2
            }
          }
        ]
      }
    }
  },
  "rewards": {
    "function": "limited_hearts:health_loss/hub"
  }
}