{
  "criteria": {
    "requirement": {
      "trigger": "minecraft:consume_item",
      "conditions": {
        "player": [
          {
            "condition": "minecraft:entity_scores",
            "entity": "this",
            "scores": {
              "limited_hearts.recognised": 1
            }
          }
        ],
        "item": {
          "items": [
            "minecraft:enchanted_golden_apple"
          ]
        }
      }
    }
  },
  "rewards": {
    "function": "limited_hearts:health_gain/hub"
  }
}